spotID,judgement,confidence,tug,dtime,tom_conf,jerry_conf,tweety_conf
0,nocc,0.6666027704874674,0.99961674,0.7460954189300537,99.99951124191284,99.99914169311523,99.98120665550232
1,nocc,0.6666554609934489,0.99993277,0.7360742092132568,99.99951124191284,99.99914169311523,99.99700784683228
2,nocc,0.6666506131490072,0.99990356,0.7467360496520996,99.99949932098389,99.99914169311523,99.99552965164185
