spotID,judgement,confidence,tug,dtime,tom_conf,jerry_conf,tweety_conf
0,nocc,0.5187390645345052,0.11243439,0.9982590675354004,99.89746809005737,99.99914169311523,55.520039796829224
1,occ,0.5226073265075684,-0.13564384,1.0050132274627686,99.93665814399719,99.99914169311523,56.84468150138855
2,occ,0.5550302664438883,-0.33018148,0.9968967437744141,99.95352029800415,99.99914169311523,66.55469536781311
3,occ,0.5577268997828165,-0.34636128,0.9919564723968506,99.90496039390564,99.99914169311523,67.41225123405457
4,nocc,0.509652296702067,0.05791378,0.9779670238494873,99.92877840995789,99.99914169311523,52.82532572746277
5,occ,0.5434339046478271,-0.26060343,1.006040334701538,99.96318817138672,99.99914169311523,63.06613087654114
6,occ,0.5054284731547037,-0.03257084,0.997136116027832,99.91469383239746,99.99914169311523,51.712989807128906
7,occ,0.5725681384404501,-0.43540883,0.9960253238677979,99.96558427810669,99.99914169311523,71.80399894714355
