spotID,judgement,confidence,tug,dtime,tom_conf,jerry_conf,tweety_conf
0,occ,0.5230418841044108,-0.13825142,1.0214133262634277,99.8831570148468,99.99914169311523,57.028549909591675
1,occ,0.5462921460469564,-0.27775288,1.0048272609710693,99.93926286697388,99.99914169311523,63.94752860069275
2,occ,0.5410451094309489,-0.24627066,1.0038702487945557,99.94378685951233,99.99914169311523,62.36888766288757
3,occ,0.5396601359049479,-0.23796082,1.0012099742889404,99.89814162254333,99.99914169311523,61.999040842056274
4,occ,0.5671876271565756,-0.40312576,0.981189489364624,99.92161989212036,99.99914169311523,70.23380994796753
5,nocc,0.5006292661031088,0.0037753582,1.0000803470611572,99.95678067207336,99.99914169311523,50.14640688896179
6,occ,0.5467232863108317,-0.28033972,0.9962062835693359,99.89915490150452,99.99914169311523,64.11697268486023
7,occ,0.5733114083607992,-0.43986845,1.0018012523651123,99.95315074920654,99.99914169311523,72.03941345214844
