spotID,judgement,confidence,tug,dtime,tom_conf,jerry_conf,tweety_conf
0,occ,0.7609624862670898,-1.5657752,5.053898096084595,99.78753328323364,99.9717652797699,71.47053480148315
