spotID,judgement,confidence,tug,dtime,tom_conf,jerry_conf,tweety_conf
0,nocc,0.6382690668106079,0.8296143,5.354786157608032,54.620033502578735,71.45386934280396,65.4068112373352
1,nocc,0.6344550450642904,0.8067303,2.956871747970581,62.754905223846436,73.04422855377197,54.5373797416687
2,nocc,0.69082244237264,1.1449348,2.921184778213501,64.39820528030396,71.89534902572632,70.95317840576172
3,nocc,0.577254851659139,0.4635291,2.890636682510376,57.28392004966736,73.09865355491638,57.20612406730652
4,occ,0.7310411135355631,-1.3862464,2.8532612323760986,73.10575246810913,73.10585975646973,73.10071587562561
5,nocc,0.6498736540476481,0.8992417,2.8575782775878906,59.30302143096924,73.10582995414734,62.55323886871338
